Role	Level	Layer	Animation	TotalFrame	TailLength	OffsetX	OffsetY	OffsetZ	Cos	Sin
Q3SailinnaMd010011			Born	106	0					
Q3SailinnaMd010011			Stand1	40	0					
Q3SailinnaMd010011			Stand2	40	0					
Q3SailinnaMd010011			Stand3	40	0					
Q3SailinnaMd010011			Death	40	0					
Q3SailinnaMd010011			Standchange	40	0					
Q3SailinnaMd010011			Run	22	0					
Q3SailinnaMd010011			Walk	22	0					
Q3SailinnaMd010011			Runb	40	0					
Q3SailinnaMd010011			Runl	40	0					
Q3SailinnaMd010011			Runr	40	0					
Q3SailinnaMd010011			Walkb	40	0					
Q3SailinnaMd010011			Walkl	40	0					
Q3SailinnaMd010011			Walkr	40	0					
Q3SailinnaMd010011			TurnLeft	22	0					
Q3SailinnaMd010011			TurnRight	22	0					
Q3SailinnaMd010011			Move1	40	0					
Q3SailinnaMd010011			Move2	40	0					
Q3SailinnaMd010011			Move3	40	0					
Q3SailinnaMd010011			RunStart	40	0					
Q3SailinnaMd010011			RunStartEnd01	40	0					
Q3SailinnaMd010011			Hit1	40	0					
Q3SailinnaMd010011			Hit2	40	0					
Q3SailinnaMd010011			Hit3	40	0					
Q3SailinnaMd010011			Hit4	40	0					
Q3SailinnaMd010011			Behitfly	40	0					
Q3SailinnaMd010011			Hoverhit	40	0					
Q3SailinnaMd010011			Falldown	40	0					
Q3SailinnaMd010011			Hitdown	40	0					
Q3SailinnaMd010011			Lieonfloor	40	0					
Q3SailinnaMd010011			Standup	40	0					
Q3SailinnaMd010011			Straight	40	0					
Q3SailinnaMd010011			Stun	40	0					
Q3SailinnaMd010011			StraightBefore	40	0					
Q3SailinnaMd010011			StraightAfter	40	0					
Q3SailinnaMd010011			Win	58	0					
Q3SailinnaMd010011			Win2	40	0					
Q3SailinnaMd010011			Stop	40	0					
Q3SailinnaMd010011			Fail	51	0					
Q3SailinnaMd010011			Save	40	0					
Q3SailinnaMd010011			Caught	40	0					
Q3SailinnaMd010011			RunStartEnd02	40	0					
Q3SailinnaMd010011			StopR	40	0					
Q3SailinnaMd010011			Attack01	27	0					
Q3SailinnaMd010011			Attack02	24	0					
Q3SailinnaMd010011			Attack03	22	0					
Q3SailinnaMd010011			Attack04	31	0					
Q3SailinnaMd010011			Attack05	30	0					
Q3SailinnaMd010011			Attack06	107	0					
Q3SailinnaMd010011			Attack07	31	0					
Q3SailinnaMd010011			Attack08	20	0					
Q3SailinnaMd010011			Attack10	34	0					
Q3SailinnaMd010011			Attack11	18	0					
Q3SailinnaMd010011			Attack12	31	0					
Q3SailinnaMd010011			Attack13	20	0					
Q3SailinnaMd010011			Attack15	10	0	[0, 0.0011, 0, -0.0001, 0.002, 0.0047, 0.004, 0.0025, 0.001, -0.0001, 0.001]	[0, 0, 0, 0, 0, 0, 0, 0, 0, 0, 0]	[0, 0, 0, 0, 0, 0, 0, 0, 0, 0.0006, 0]	[1, 1, 1, 1, 1, 1, 1, 1, 1, 1, 1]	[0, 0, 0, 0, 0, 0, 0, 0, 0, 0, 0]
Q3SailinnaMd010011			Attack21	57	0					
Q3SailinnaMd010011			Attack22	15	0					
Q3SailinnaMd010011			Attack23	38	0					
Q3SailinnaMd010011			Attack31	18	0					
Q3SailinnaMd010011			Attack32	10	0					
Q3SailinnaMd010011			Attack33	17	0					
Q3SailinnaMd010011			Attack41	78	0					
Q3SailinnaMd010011			Attack42	34	0.016667	[0, 0, 0, 0, 0, 0, 0, 0, 0, 0, 0, 0, 0, 0, 0, 0, 0, 0, 0, 0, 0, 0, 0, 0, 0, 0, 0, 0, 0, 0, 0, 0, 0, 0, 0]	[0, 0, 0, 0, 0, 0, 0, 0, 0, 0, 0, 0, 0, 0, 0, 0, 0, 0, 0, 0, 0, 0, 0, 0, 0, 0, 0, 0, 0, 0, 0, 0, 0, 0, 0]	[0, 0.0014, 0.0028, 0.0041, 0.0055, 0.0069, 0.0082, 0.0095, 0.0108, 0.012, 0.0131, 0.0141, 0.015, 0.0157, 0.0163, 0.0167, 0.017, 0.017, 0.0168, 0.0165, 0.0159, 0.0152, 0.0144, 0.0134, 0.0124, 0.0112, 0.01, 0.0087, 0.0073, 0.006, 0.0046, 0.0032, 0.0019, 0.0005, 0]	[1, 1, 1, 1, 1, 1, 1, 1, 1, 1, 1, 1, 1, 1, 1, 1, 1, 1, 1, 1, 1, 1, 1, 1, 1, 1, 1, 1, 1, 1, 1, 1, 1, 1, 1]	[0, 0, 0, 0, 0, 0, 0, 0, 0, 0, 0, 0, 0, 0, 0, 0, 0, 0, 0, 0, 0, 0, 0, 0, 0, 0, 0, 0, 0, 0, 0, 0, 0, 0, 0]
Q3SailinnaMd010011			Attack43	54	0.016667	[0, 0, 0, 0, 0, 0, 0, 0, 0, 0, 0, 0, 0, 0, 0, 0, 0, 0, 0, 0, 0, 0, 0, 0, 0, 0, 0, 0, 0, 0, 0, 0, 0, 0, 0, 0, 0, 0, 0, 0, 0, 0, 0, 0, 0, 0, 0, 0, 0, 0, 0, 0, 0, 0, 0]	[0, 0, 0, 0, 0, 0, 0, 0, 0, 0, 0, 0, 0, 0, 0, 0, 0, 0, 0, 0, 0, 0, 0, 0, 0, 0, 0, 0, 0, 0, 0, 0, 0, 0, 0, 0, 0, 0, 0, 0, 0, 0, 0, 0, 0, 0, 0, 0, 0, 0, 0, 0, 0, 0, 0]	[0, 0, 0, 0, 0, 0, 0, 0, 0, 0, 0, 0, 0, 0, 0, 0, 0, 0, 0, 0, 0, 0, 0, 0, 0, 0, 0, 0, 0, 0, 0, 0, 0, 0, 0, 0, 0, 0, 0, 0, 0, 0, 0, 0, 0, 0, 0, 0, 0, 0, 0, 0, 0, 0, 0]	[1, 1, 1, 1, 1, 1, 1, 1, 1, 1, 1, 1, 1, 1, 1, 1, 1, 1, 1, 1, 1, 1, 1, 1, 1, 1, 1, 1, 1, 1, 1, 1, 1, 1, 1, 1, 1, 1, 1, 1, 1, 1, 1, 1, 1, 1, 1, 1, 1, 1, 1, 1, 1, 1, 1]	[0, 0, 0, 0, 0, 0, 0, 0, 0, 0, 0, 0, 0, 0, 0, 0, 0, 0, 0, 0, 0, 0, 0, 0, 0, 0, 0, 0, 0, 0, 0, 0, 0, 0, 0, 0, 0, 0, 0, 0, 0, 0, 0, 0, 0, 0, 0, 0, 0, 0, 0, 0, 0, 0, 0]
Q3SailinnaMd010011			Attack44	39	0	[0, 0, 0, 0, 0, 0, 0, 0, 0, 0, 0, 0, 0, 0, 0, -0.0013, -0.0021, -0.0033, -0.006, -0.0076, -0.0092, -0.0106, -0.0115, -0.0115, -0.0107, -0.0089, -0.006, 0.0004, 0.018, 0.0441, 0.071, 0.0919, 0.106, 0.1187, 0.132, 0.1483, 0.165, 0.177, 0.181]	[0, 0, 0, 0, 0, 0, 0, 0, 0, 0, 0, 0, 0, 0, 0, 0, 0, 0, 0, 0, 0, 0, 0, 0, 0, 0, 0, 0, 0, 0, 0, 0, 0, 0, 0, 0, 0, 0, 0]	[0, 0, 0, 0, 0, 0, 0, 0, 0, 0, 0, 0, 0, 0, 0, -0.0001, -0.0005, -0.0009, -0.001, -0.001, -0.001, -0.001, -0.0011, -0.0014, -0.0017, -0.002, -0.002, -0.0015, -0.001, 0.0004, 0.001, -0.0009, -0.005, -0.0112, -0.015, -0.0202, -0.0251, -0.0248, -0.016]	[1, 1, 1, 1, 1, 1, 1, 1, 1, 1, 1, 1, 1, 1, 1, 1, 1, 1, 1, 1, 1, 1, 1, 1, 1, 1, 1, 1, 1, 1, 1, 1, 1, 1, 1, 1, 1, 1, 1]	[0, 0, 0, 0, 0, 0, 0, 0, 0, 0, 0, 0, 0, 0, 0, 0, 0, 0, 0, 0, 0, 0, 0, 0, 0, 0, 0, 0, 0, 0, 0, 0, 0, 0, 0, 0, 0, 0, 0]
Q3SailinnaMd010011			Attack45	16	0.016667	[0, -0.0256, -0.031, -0.0247, -0.024, -0.0238, -0.024, -0.0251, -0.024, -0.0238, -0.0227, -0.0217, -0.021, -0.0206, -0.018, -0.0139, -0.013]	[0, 0, 0, 0, 0, 0, 0, 0, 0, 0, 0, 0, 0, 0, 0, 0, 0]	[0, -0.0726, -0.036, 0.0339, 0.034, 0.0283, 0.021, 0.013, 0.005, 0.0037, 0.0032, 0.0029, 0.002, 0.001, -0.018, -0.0326, -0.037]	[1, 1, 1, 1, 1, 1, 1, 1, 1, 1, 1, 1, 1, 1, 1, 1, 1]	[0, 0, 0, 0, 0, 0, 0, 0, 0, 0, 0, 0, 0, 0, 0, 0, 0]
Q3SailinnaMd010011			Attack46	14	0.016667	[0, -0.0162, -0.029, -0.0176, 0.113, 0.9062, 1.453, 1.7814, 2.156, 2.6391, 3.021, 3.0643, 3.066, 3.0793, 3.082]	[0, 0, 0, 0, 0, 0, 0, 0, 0, 0, 0, 0, 0, 0, 0]	[0, -0.0371, -0.072, -0.0697, -0.001, 0.0379, 0.025, 0.0122, 0.005, 0.0059, -0.001, -0.0095, -0.018, -0.0332, -0.037]	[1, 1, 1, 1, 1, 1, 1, 1, 1, 1, 1, 1, 1, 1, 1]	[0, 0, 0, 0, 0, 0, 0, 0, 0, 0, 0, 0, 0, 0, 0]
Q3SailinnaMd010011			Attack47	14	0.016667	[0, -0.0008, -0.005, -0.0242, -0.147, -0.9402, -1.487, -1.816, -2.19, -2.6826, -3.065, -3.131, -3.152, -3.1716, -3.174]	[0, 0, 0, 0, 0, 0, 0, 0, 0, 0, 0, 0, 0, 0, 0]	[0, -0.0371, -0.072, -0.0697, -0.001, 0.0379, 0.025, 0.0128, 0.005, 0.0059, -0.001, -0.0095, -0.018, -0.0332, -0.037]	[1, 1, 1, 1, 1, 1, 1, 1, 1, 1, 1, 1, 1, 1, 1]	[0, 0, 0, 0, 0, 0, 0, 0, 0, 0, 0, 0, 0, 0, 0]
Q3SailinnaMd010011			Attack48	15	0					
Q3SailinnaMd010011			Attack54	39	0.033333	[0, -0.0172, -0.031, -0.0299, -0.013, 0.0031, 0.008, 0.0079, 0.001, -0.0132, -0.024, -0.0204, -0.027, -0.0238, -0.033, -0.0363, -0.035, -0.0242, 0, 0.0246, 0.038, -0.0284, -0.042, -0.0341, -0.024, -0.0218, -0.023, -0.0249, -0.028, -0.0314, -0.027, -0.0194, -0.014, -0.0095, -0.0054, -0.0019, 0, 0.0016, 0.001, 0.001]	[0, 0, 0, 0, 0, 0, 0, 0, 0, 0, 0, 0, 0, 0, 0, 0, 0, 0, 0, 0, 0, 0, 0, 0, 0, 0, 0, 0, 0, 0, 0, 0, 0, 0, 0, 0, 0, 0, 0, 0]	[0, -0.0397, -0.067, -0.0381, -0.016, -0.0106, -0.013, -0.0152, -0.014, -0.0087, 0, 0.0338, -0.028, -0.0188, -0.023, -0.0243, -0.029, -0.0316, -0.032, -0.0325, -0.033, -0.0246, 0.003, 0.0088, 0.01, 0.0115, 0.013, 0.0066, -0.011, -0.0194, -0.029, -0.0376, -0.036, -0.0304, -0.0231, -0.0154, -0.01, -0.0059, -0.004, -0.003]	[1, 1, 1, 1, 1, 1, 1, 1, 1, 1, 1, 1, 1, 1, 1, 1, 1, 1, 1, 1, 1, 1, 1, 1, 1, 1, 1, 1, 1, 1, 1, 1, 1, 1, 1, 1, 1, 1, 1, 1]	[0, 0, 0, 0, 0, 0, 0, 0, 0, 0, 0, 0, 0, 0, 0, 0, 0, 0, 0, 0, 0, 0, 0, 0, 0, 0, 0, 0, 0, 0, 0, 0, 0, 0, 0, 0, 0, 0, 0, 0]
Q3SailinnaMd010011			Attack55	53	0	[0, -0.0014, -0.0034, -0.0057, -0.0079, -0.0096, -0.0105, -0.0109, -0.0112, -0.0114, -0.0115, -0.0116, -0.0116, -0.0116, -0.0115, -0.0114, -0.0112, -0.0111, -0.0109, -0.0107, -0.0106, -0.0104, -0.0103, -0.0101, -0.01, -0.01, -0.01, -0.01, -0.0101, -0.0102, -0.0104, -0.0106, -0.0108, -0.0111, -0.0113, -0.0115, -0.0117, -0.0119, -0.012, -0.0121, -0.0121, -0.0121, -0.012, -0.0118, -0.0115, -0.0111, -0.0106, -0.0095, -0.0079, -0.0059, -0.0037, -0.0016, 0]	[0, 0, 0, 0, 0, 0, 0, 0, 0, 0, 0, 0, 0, 0, 0, 0, 0, 0, 0, 0, 0, 0, 0, 0, 0, 0, 0, 0, 0, 0, 0, 0, 0, 0, 0, 0, 0, 0, 0, 0, 0, 0, 0, 0, 0, 0, 0, 0, 0, 0, 0, 0, 0]	[0, 0.0023, 0.0045, 0.0067, 0.0088, 0.0105, 0.0118, 0.0127, 0.0137, 0.0149, 0.0161, 0.0173, 0.0185, 0.0198, 0.021, 0.0222, 0.0234, 0.0245, 0.0256, 0.0266, 0.0275, 0.0284, 0.0291, 0.0298, 0.0303, 0.0307, 0.0309, 0.031, 0.031, 0.0308, 0.0306, 0.0303, 0.0298, 0.0293, 0.0287, 0.0281, 0.0273, 0.0265, 0.0257, 0.0247, 0.0238, 0.0228, 0.0217, 0.0206, 0.0195, 0.0184, 0.0172, 0.0157, 0.0133, 0.0101, 0.0065, 0.0031, 0]	[1, 1, 1, 1, 1, 1, 1, 1, 1, 1, 1, 1, 1, 1, 1, 1, 1, 1, 1, 1, 1, 1, 1, 1, 1, 1, 1, 1, 1, 1, 1, 1, 1, 1, 1, 1, 1, 1, 1, 1, 1, 1, 1, 1, 1, 1, 1, 1, 1, 1, 1, 1, 1]	[0, 0, 0, 0, 0, 0, 0, 0, 0, 0, 0, 0, 0, 0, 0, 0, 0, 0, 0, 0, 0, 0, 0, 0, 0, 0, 0, 0, 0, 0, 0, 0, 0, 0, 0, 0, 0, 0, 0, 0, 0, 0, 0, 0, 0, 0, 0, 0, 0, 0, 0, 0, 0]
Q3SailinnaMd010011			Attack56	46	0.016667	[0, -0.0106, -0.02, -0.0241, -0.018, -0.0154, -0.015, -0.0151, -0.014, -0.0126, -0.01, -0.0066, -0.002, 0.0011, 0.002, 0.0031, 0.003, 0.0023, 0.001, 0.0024, 0.0052, 0.0094, 0.015, 0.0159, 0.01, 0.0133, 0.0183, 0.0242, 0.0304, 0.0363, 0.041, 0.0424, 0.045, 0.045, 0.045, 0.0496, 0.053, 0.0512, 0.046, 0.0335, 0.021, 0.0136, -0.005, -0.0079, -0.003, 0.0015, 0.003]	[0, 0, 0, 0, 0, 0, 0, 0, 0, 0, 0, 0, 0, 0, 0, 0, 0, 0, 0, 0, 0, 0, 0, 0, 0, 0, 0, 0, 0, 0, 0, 0, 0, 0, 0, 0, 0, 0, 0, 0, 0, 0, 0, 0, 0, 0, 0]	[0, -0.0422, -0.081, -0.0786, -0.002, 0.0434, 0.028, 0.0142, 0.006, 0.0062, 0.003, -0.0098, -0.035, -0.0418, -0.034, -0.0249, -0.017, -0.0101, -0.004, 0.0011, 0.0037, 0.0055, 0.007, 0.0085, 0.01, 0.0115, 0.0128, 0.014, 0.0153, 0.0165, 0.018, 0.0181, 0.017, 0.0162, 0.012, 0.0095, 0.007, 0.0074, 0.01, 0.0171, 0.014, 0.0081, -0.009, -0.0129, -0.01, -0.007, -0.006]	[1, 1, 1, 1, 1, 1, 1, 1, 1, 1, 1, 1, 1, 1, 1, 1, 1, 1, 1, 1, 1, 1, 1, 1, 1, 1, 1, 1, 1, 1, 1, 1, 1, 1, 1, 1, 1, 1, 1, 1, 1, 1, 1, 1, 1, 1, 1]	[0, 0, 0, 0, 0, 0, 0, 0, 0, 0, 0, 0, 0, 0, 0, 0, 0, 0, 0, 0, 0, 0, 0, 0, 0, 0, 0, 0, 0, 0, 0, 0, 0, 0, 0, 0, 0, 0, 0, 0, 0, 0, 0, 0, 0, 0, 0]
Q3SailinnaMd010011			Attack57	72	0					
Q3SailinnaMd010011			Attack58	58	0	[0, 0, 0, 0, 0, 0, 0, 0, 0, 0, 0, 0, 0, 0, 0, 0, 0, 0, 0, 0, 0, 0, 0, 0, 0, 0, 0, 0, 0, 0, 0, 0, 0, 0, 0, 0, 0, 0, 0, 0, 0, 0, 0, 0, 0, 0, 0, 0, 0, 0, 0, 0, 0, 0, 0, 0, 0, 0, 0]	[0, 0, 0, 0, 0, 0, 0, 0, 0, 0, 0, 0, 0, 0, 0, 0, 0, 0, 0, 0, 0, 0, 0, 0, 0, 0, 0, 0, 0, 0, 0, 0, 0, 0, 0, 0, 0, 0, 0, 0, 0, 0, 0, 0, 0, 0, 0, 0, 0, 0, 0, 0, 0, 0, 0, 0, 0, 0, 0]	[0, -0.0017, -0.0034, -0.0043, -0.0025, -0.0004, 0.0112, 0.0179, 0.0089, 0.0045, 0.0048, 0.0055, 0.0079, 0.0115, 0.0149, 0.0169, 0.0138, 0.0102, 0.0137, 0.0175, 0.0118, 0.012, 0.0113, 0.0097, 0.0093, 0.0125, 0.0184, 0.0254, 0.0333, 0.0408, 0.0347, 0.0211, 0.017, 0.0159, 0.0155, 0.0155, 0.0158, 0.0162, 0.0165, 0.017, 0.0172, 0.0166, 0.0162, 0.016, 0.0162, 0.0153, 0.0138, 0.0123, 0.0106, 0.0099, 0.0091, 0.0081, 0.007, 0.0058, 0.0046, 0.0034, 0.0023, 0.0012, 0]	[1, 1, 1, 1, 1, 1, 1, 1, 1, 1, 1, 1, 1, 1, 1, 1, 1, 1, 1, 1, 1, 1, 1, 1, 1, 1, 1, 1, 1, 1, 1, 1, 1, 1, 1, 1, 1, 1, 1, 1, 1, 1, 1, 1, 1, 1, 1, 1, 1, 1, 1, 1, 1, 1, 1, 1, 1, 1, 1]	[0, 0, 0, 0, 0, 0, 0, 0, 0, 0, 0, 0, 0, 0, 0, 0, 0, 0, 0, 0, 0, 0, 0, 0, 0, 0, 0, 0, 0, 0, 0, 0, 0, 0, 0, 0, 0, 0, 0, 0, 0, 0, 0, 0, 0, 0, 0, 0, 0, 0, 0, 0, 0, 0, 0, 0, 0, 0, 0]
Q3SailinnaMd010011			Attack59	55	0					
Q3SailinnaMd010011			Attack61	48	0	[0, -0.0029, -0.007, -0.0119, -0.018, -0.025, -0.032, -0.0385, -0.045, -0.051, -0.0573, -0.0607, -0.043, -0.0257, -0.023, -0.0214, -0.02, -0.0199, -0.0201, -0.0195, -0.019, -0.0189, -0.019, -0.0195, -0.02, -0.0215, -0.0227, -0.0231, -0.022, -0.0189, -0.017, -0.0149, -0.015, -0.017, -0.019, -0.0202, -0.018, -0.013, -0.008, -0.006, -0.004, -0.0039, -0.005, -0.0079, -0.011, -0.0122, -0.01, -0.005, 0]	[0, 0, 0, 0, 0, 0, 0, 0, 0, 0, 0, 0, 0, 0, 0, 0, 0, 0, 0, 0, 0, 0, 0, 0, 0, 0, 0, 0, 0, 0, 0, 0, 0, 0, 0, 0, 0, 0, 0, 0, 0, 0, 0, 0, 0, 0, 0, 0, 0]	[0, -0.0301, -0.058, -0.0619, -0.041, -0.0121, 0.01, 0.0159, 0.015, 0.0148, 0.018, 0.0192, 0.007, -0.0056, -0.007, -0.0082, -0.008, -0.0079, -0.0085, -0.009, -0.01, -0.012, -0.014, -0.0154, -0.018, -0.0195, -0.0215, -0.0235, -0.025, -0.0254, -0.027, -0.0274, -0.029, -0.0305, -0.032, -0.0318, -0.027, -0.016, -0.005, 0.0044, 0.015, 0.0214, 0.02, 0.0137, 0.005, -0.0022, -0.005, -0.0031, 0]	[1, 1, 1, 1, 1, 1, 1, 1, 1, 1, 1, 1, 1, 1, 1, 1, 1, 1, 1, 1, 1, 1, 1, 1, 1, 1, 1, 1, 1, 1, 1, 1, 1, 1, 1, 1, 1, 1, 1, 1, 1, 1, 1, 1, 1, 1, 1, 1, 1]	[0, 0, 0, 0, 0, 0, 0, 0, 0, 0, 0, 0, 0, 0, 0, 0, 0, 0, 0, 0, 0, 0, 0, 0, 0, 0, 0, 0, 0, 0, 0, 0, 0, 0, 0, 0, 0, 0, 0, 0, 0, 0, 0, 0, 0, 0, 0, 0, 0]
Q3SailinnaMd010011			Attack62	55	0.033333	[0, 0.0001, 0, -0.0014, -0.005, -0.0119, -0.012, 0.0008, 0.018, 0.0359, 0.049, 0.0571, 0.0606, 0.0608, 0.056, 0.0429, 0.023, -0.0008, -0.01, -0.0138, -0.013, -0.0044, 0.011, 0.0318, 0.05, 0.0622, 0.068, 0.0702, 0.07, 0.0685, 0.065, 0.0591, 0.0526, 0.0476, 0.045, 0.0436, 0.0428, 0.0416, 0.0392, 0.0358, 0.032, 0.0278, 0.0234, 0.0187, 0.014, 0.0091, 0.0023, -0.006, -0.014, -0.0197, -0.022, -0.0213, -0.016, -0.0101, -0.003, 0]	[0, 0, 0, 0, 0, 0, 0, 0, 0, 0, 0, 0, 0, 0, 0, 0, 0, 0, 0, 0, 0, 0, 0, 0, 0, 0, 0, 0, 0, 0, 0, 0, 0, 0, 0, 0, 0, 0, 0, 0, 0, 0, 0, 0, 0, 0, 0, 0, 0, 0, 0, 0, 0, 0, 0, 0]	[0, 0.0047, 0.01, 0.014, 0.018, 0.0211, 0.023, 0.0226, 0.021, 0.0187, 0.017, 0.017, 0.017, 0.017, 0.017, 0.0149, 0.015, 0.0171, 0.018, 0.0175, 0.017, 0.017, 0.017, 0.017, 0.017, 0.0172, 0.018, 0.0182, 0.018, 0.0172, 0.016, 0.0149, 0.0138, 0.0125, 0.011, 0.0095, 0.0082, 0.0072, 0.0067, 0.0074, 0.0095, 0.0122, 0.0148, 0.0167, 0.017, 0.0152, 0.01, 0.0025, -0.005, -0.0111, -0.015, -0.0146, -0.012, -0.0075, -0.003, 0]	[1, 1, 1, 1, 1, 1, 1, 1, 1, 1, 1, 1, 1, 1, 1, 1, 1, 1, 1, 1, 1, 1, 1, 1, 1, 1, 1, 1, 1, 1, 1, 1, 1, 1, 1, 1, 1, 1, 1, 1, 1, 1, 1, 1, 1, 1, 1, 1, 1, 1, 1, 1, 1, 1, 1, 1]	[0, 0, 0, 0, 0, 0, 0, 0, 0, 0, 0, 0, 0, 0, 0, 0, 0, 0, 0, 0, 0, 0, 0, 0, 0, 0, 0, 0, 0, 0, 0, 0, 0, 0, 0, 0, 0, 0, 0, 0, 0, 0, 0, 0, 0, 0, 0, 0, 0, 0, 0, 0, 0, 0, 0, 0]
Q3SailinnaMd010011			Attack63	57	0.033333	[0, -0.0029, -0.007, -0.0139, -0.023, -0.0299, -0.036, -0.0402, -0.043, -0.0444, -0.047, -0.0475, -0.047, -0.0469, -0.0469, -0.047, -0.047, -0.047, -0.0469, -0.0469, -0.0469, -0.0469, -0.047, -0.047, -0.047, -0.047, -0.0471, -0.047, -0.047, -0.047, -0.047, -0.047, -0.047, -0.047, -0.047, -0.047, -0.047, -0.047, -0.047, -0.0465, -0.046, -0.0464, -0.047, -0.0472, -0.046, -0.0456, -0.044, -0.0424, -0.04, -0.0352, -0.029, -0.0231, -0.016, -0.0099, -0.006, -0.003, 0, 0]	[0, 0, 0, 0, 0, 0, 0, 0, 0, 0, 0, 0, 0, 0, 0, 0, 0, 0, 0, 0, 0, 0, 0, 0, 0, 0, 0, 0, 0, 0, 0, 0, 0, 0, 0, 0, 0, 0, 0, 0, 0, 0, 0, 0, 0, 0, 0, 0, 0, 0, 0, 0, 0, 0, 0, 0, 0, 0]	[0, 0.0014, 0.004, 0.006, 0.008, 0.0103, 0.012, 0.0135, 0.015, 0.0165, 0.018, 0.0188, 0.019, 0.0189, 0.0186, 0.0182, 0.018, 0.0179, 0.0179, 0.0179, 0.0179, 0.0179, 0.018, 0.018, 0.018, 0.018, 0.0179, 0.0179, 0.0179, 0.0179, 0.0179, 0.018, 0.0181, 0.0185, 0.0189, 0.019, 0.0188, 0.0183, 0.018, 0.0175, 0.017, 0.017, 0.0171, 0.017, 0.017, 0.015, 0.013, 0.0115, 0.01, 0.0085, 0.007, 0.0063, 0.005, 0.004, 0.003, 0.0015, 0, 0]	[1, 1, 1, 1, 1, 1, 1, 1, 1, 1, 1, 1, 1, 1, 1, 1, 1, 1, 1, 1, 1, 1, 1, 1, 1, 1, 1, 1, 1, 1, 1, 1, 1, 1, 1, 1, 1, 1, 1, 1, 1, 1, 1, 1, 1, 1, 1, 1, 1, 1, 1, 1, 1, 1, 1, 1, 1, 1]	[0, 0, 0, 0, 0, 0, 0, 0, 0, 0, 0, 0, 0, 0, 0, 0, 0, 0, 0, 0, 0, 0, 0, 0, 0, 0, 0, 0, 0, 0, 0, 0, 0, 0, 0, 0, 0, 0, 0, 0, 0, 0, 0, 0, 0, 0, 0, 0, 0, 0, 0, 0, 0, 0, 0, 0, 0, 0]
Q3SailinnaMd010011			Attack65	58	0	[0, 0.003, 0.006, 0.0091, 0.011, 0.0116, 0.029, 0.0431, 0.038, 0.03, 0.022, 0.0129, -0.003, -0.0119, -0.005, 0.0021, 0.0077, 0.0146, 0.029, 0.0398, 0.036, 0.0272, 0.014, 0.001, -0.003, -0.0017, -0.006, -0.0084, -0.004, 0.0048, 0.008, 0.0069, 0.007, 0.0071, 0.0073, 0.0075, 0.0076, 0.0078, 0.0079, 0.008, 0.008, 0.0077, 0.0072, 0.007, 0.007, 0.0062, 0.0056, 0.005, 0.0045, 0.004, 0.0035, 0.0031, 0.0026, 0.0021, 0.0017, 0.0012, 0.0006, 0.0001, 0]	[0, 0, 0, 0, 0, 0, 0, 0, 0, 0, 0, 0, 0, 0, 0, 0, 0, 0, 0, 0, 0, 0, 0, 0, 0, 0, 0, 0, 0, 0, 0, 0, 0, 0, 0, 0, 0, 0, 0, 0, 0, 0, 0, 0, 0, 0, 0, 0, 0, 0, 0, 0, 0, 0, 0, 0, 0, 0, 0]	[0, 0.0016, 0.002, 0.0039, 0.007, 0.0111, 0.014, 0.0128, 0.007, 0.0038, 0.005, 0.007, 0.009, 0.0108, 0.008, 0.0069, 0.0068, 0.0074, 0.01, 0.0114, 0.006, 0.0048, 0.007, 0.0099, 0.014, 0.0147, 0.012, 0.0093, 0.011, 0.0158, 0.024, 0.0334, 0.036, 0.0373, 0.0383, 0.039, 0.0392, 0.0391, 0.0386, 0.0377, 0.036, 0.0325, 0.028, 0.0236, 0.02, 0.0168, 0.0146, 0.0127, 0.0111, 0.0097, 0.0084, 0.0073, 0.0063, 0.0053, 0.0044, 0.0034, 0.0024, 0.0014, 0]	[1, 1, 1, 1, 1, 1, 1, 1, 1, 1, 1, 1, 1, 1, 1, 1, 1, 1, 1, 1, 1, 1, 1, 1, 1, 1, 1, 1, 1, 1, 1, 1, 1, 1, 1, 1, 1, 1, 1, 1, 1, 1, 1, 1, 1, 1, 1, 1, 1, 1, 1, 1, 1, 1, 1, 1, 1, 1, 1]	[0, 0, 0, 0, 0, 0, 0, 0, 0, 0, 0, 0, 0, 0, 0, 0, 0, 0, 0, 0, 0, 0, 0, 0, 0, 0, 0, 0, 0, 0, 0, 0, 0, 0, 0, 0, 0, 0, 0, 0, 0, 0, 0, 0, 0, 0, 0, 0, 0, 0, 0, 0, 0, 0, 0, 0, 0, 0, 0]
Q3SailinnaMd010011			Attack67	19	0					
Q3SailinnaMd010011			Attack68	20	0					
Q3SailinnaMd010011			Attack69	17	0.033333	[0, 0, 0, 0, 0, 0, 0, 0, 0, 0, 0, 0, 0, 0, 0, 0, 0, 0]	[0, 0, 0, 0, 0, 0, 0, 0, 0, 0, 0, 0, 0, 0, 0, 0, 0, 0]	[0, -0.0809, -0.1, 0.0917, 0.676, 1.4567, 2.081, 2.2648, 2.255, 2.2826, 2.29, 2.2974, 2.307, 2.3146, 2.321, 2.3239, 2.319, 2.314]	[1, 1, 1, 1, 1, 1, 1, 1, 1, 1, 1, 1, 1, 1, 1, 1, 1, 1]	[0, 0, 0, 0, 0, 0, 0, 0, 0, 0, 0, 0, 0, 0, 0, 0, 0, 0]
Q3SailinnaMd010011			Attack70	40	0					
Q3SailinnaMd010011			Attack71	33	0.033333	[0, -0.002, -0.0045, -0.0063, -0.0085, -0.0107, -0.0129, -0.0151, -0.018, -0.0208, -0.0227, -0.0244, -0.0265, -0.0287, -0.0306, -0.0323, -0.0338, -0.035, -0.0358, -0.036, -0.0358, -0.0343, -0.0312, -0.0272, -0.023, -0.0191, -0.016, -0.0131, -0.0103, -0.0077, -0.0053, -0.0031, -0.001, 0]	[0, 0, 0, 0, 0, 0, 0, 0, 0, 0, 0, 0, 0, 0, 0, 0, 0, 0, 0, 0, 0, 0, 0, 0, 0, 0, 0, 0, 0, 0, 0, 0, 0, 0]	[0, -0.0259, -0.0534, -0.0784, -0.0948, -0.1053, -0.1139, -0.121, -0.1267, -0.1314, -0.1353, -0.1382, -0.1402, -0.1414, -0.1422, -0.1423, -0.1417, -0.1403, -0.1382, -0.1352, -0.1312, -0.1263, -0.1206, -0.1138, -0.106, -0.0972, -0.087, -0.0762, -0.0639, -0.0507, -0.0368, -0.0228, -0.009, 0]	[1, 1, 1, 1, 1, 1, 1, 1, 1, 1, 1, 1, 1, 1, 1, 1, 1, 1, 1, 1, 1, 1, 1, 1, 1, 1, 1, 1, 1, 1, 1, 1, 1, 1]	[0, 0, 0, 0, 0, 0, 0, 0, 0, 0, 0, 0, 0, 0, 0, 0, 0, 0, 0, 0, 0, 0, 0, 0, 0, 0, 0, 0, 0, 0, 0, 0, 0, 0]
